category,category_th,date,year_be,year_ce,month,month_th,period_label,value,chg_prev_pct,chg_yoy_pct,provisional,source_series
overall,ดัชนีรวม,2017-01,2560,2017,1,ม.ค.,ม.ค. 2560,102.32,,,False,ดัชนีราคารถยนต์มือสอง
overall,ดัชนีรวม,2017-02,2560,2017,2,ก.พ.,ก.พ. 2560,104.3,1.94,,False,ดัชนีราคารถยนต์มือสอง
overall,ดัชนีรวม,2017-03,2560,2017,3,มี.ค.,มี.ค. 2560,105.79,1.43,,False,ดัชนีราคารถยนต์มือสอง
overall,ดัชนีรวม,2017-04,2560,2017,4,เม.ย.,เม.ย. 2560,105.76,-0.03,,False,ดัชนีราคารถยนต์มือสอง
overall,ดัชนีรวม,2017-05,2560,2017,5,พ.ค.,พ.ค. 2560,105.24,-0.49,,False,ดัชนีราคารถยนต์มือสอง
overall,ดัชนีรวม,2017-06,2560,2017,6,มิ.ย.,มิ.ย. 2560,103.76,-1.41,,False,ดัชนีราคารถยนต์มือสอง
overall,ดัชนีรวม,2017-07,2560,2017,7,ก.ค.,ก.ค. 2560,100.05,-3.58,,False,ดัชนีราคารถยนต์มือสอง
overall,ดัชนีรวม,2017-08,2560,2017,8,ส.ค.,ส.ค. 2560,99.39,-0.66,,False,ดัชนีราคารถยนต์มือสอง
overall,ดัชนีรวม,2017-09,2560,2017,9,ก.ย.,ก.ย. 2560,95.98,-3.43,,False,ดัชนีราคารถยนต์มือสอง
overall,ดัชนีรวม,2017-10,2560,2017,10,ต.ค.,ต.ค. 2560,97.52,1.6,,False,ดัชนีราคารถยนต์มือสอง
overall,ดัชนีรวม,2017-11,2560,2017,11,พ.ย.,พ.ย. 2560,94.51,-3.09,,False,ดัชนีราคารถยนต์มือสอง
overall,ดัชนีรวม,2017-12,2560,2017,12,ธ.ค.,ธ.ค. 2560,93.69,-0.87,,False,ดัชนีราคารถยนต์มือสอง
overall,ดัชนีรวม,2018-01,2561,2018,1,ม.ค.,ม.ค. 2561,105.0,12.07,2.62,False,ดัชนีราคารถยนต์มือสอง
overall,ดัชนีรวม,2018-02,2561,2018,2,ก.พ.,ก.พ. 2561,109.41,4.2,4.9,False,ดัชนีราคารถยนต์มือสอง
overall,ดัชนีรวม,2018-03,2561,2018,3,มี.ค.,มี.ค. 2561,110.22,0.74,4.19,False,ดัชนีราคารถยนต์มือสอง
overall,ดัชนีรวม,2018-04,2561,2018,4,เม.ย.,เม.ย. 2561,107.0,-2.92,1.17,False,ดัชนีราคารถยนต์มือสอง
overall,ดัชนีรวม,2018-05,2561,2018,5,พ.ค.,พ.ค. 2561,106.1,-0.84,0.82,False,ดัชนีราคารถยนต์มือสอง
overall,ดัชนีรวม,2018-06,2561,2018,6,มิ.ย.,มิ.ย. 2561,105.53,-0.54,1.71,False,ดัชนีราคารถยนต์มือสอง
overall,ดัชนีรวม,2018-07,2561,2018,7,ก.ค.,ก.ค. 2561,98.51,-6.65,-1.54,False,ดัชนีราคารถยนต์มือสอง
overall,ดัชนีรวม,2018-08,2561,2018,8,ส.ค.,ส.ค. 2561,96.29,-2.25,-3.12,False,ดัชนีราคารถยนต์มือสอง
overall,ดัชนีรวม,2018-09,2561,2018,9,ก.ย.,ก.ย. 2561,97.07,0.81,1.14,False,ดัชนีราคารถยนต์มือสอง
overall,ดัชนีรวม,2018-10,2561,2018,10,ต.ค.,ต.ค. 2561,93.6,-3.57,-4.02,False,ดัชนีราคารถยนต์มือสอง
overall,ดัชนีรวม,2018-11,2561,2018,11,พ.ย.,พ.ย. 2561,91.11,-2.66,-3.6,False,ดัชนีราคารถยนต์มือสอง
overall,ดัชนีรวม,2018-12,2561,2018,12,ธ.ค.,ธ.ค. 2561,91.47,0.4,-2.37,False,ดัชนีราคารถยนต์มือสอง
overall,ดัชนีรวม,2019-01,2562,2019,1,ม.ค.,ม.ค. 2562,98.05,7.19,-6.62,False,ดัชนีราคารถยนต์มือสอง
overall,ดัชนีรวม,2019-02,2562,2019,2,ก.พ.,ก.พ. 2562,103.56,5.62,-5.35,False,ดัชนีราคารถยนต์มือสอง
overall,ดัชนีรวม,2019-03,2562,2019,3,มี.ค.,มี.ค. 2562,101.85,-1.65,-7.59,False,ดัชนีราคารถยนต์มือสอง
overall,ดัชนีรวม,2019-04,2562,2019,4,เม.ย.,เม.ย. 2562,101.02,-0.81,-5.59,False,ดัชนีราคารถยนต์มือสอง
overall,ดัชนีรวม,2019-05,2562,2019,5,พ.ค.,พ.ค. 2562,100.26,-0.75,-5.5,False,ดัชนีราคารถยนต์มือสอง
overall,ดัชนีรวม,2019-06,2562,2019,6,มิ.ย.,มิ.ย. 2562,98.68,-1.58,-6.49,False,ดัชนีราคารถยนต์มือสอง
overall,ดัชนีรวม,2019-07,2562,2019,7,ก.ค.,ก.ค. 2562,96.82,-1.88,-1.72,False,ดัชนีราคารถยนต์มือสอง
overall,ดัชนีรวม,2019-08,2562,2019,8,ส.ค.,ส.ค. 2562,93.83,-3.09,-2.55,False,ดัชนีราคารถยนต์มือสอง
overall,ดัชนีรวม,2019-09,2562,2019,9,ก.ย.,ก.ย. 2562,92.04,-1.91,-5.18,False,ดัชนีราคารถยนต์มือสอง
overall,ดัชนีรวม,2019-10,2562,2019,10,ต.ค.,ต.ค. 2562,89.22,-3.06,-4.68,False,ดัชนีราคารถยนต์มือสอง
overall,ดัชนีรวม,2019-11,2562,2019,11,พ.ย.,พ.ย. 2562,88.35,-0.98,-3.03,False,ดัชนีราคารถยนต์มือสอง
overall,ดัชนีรวม,2019-12,2562,2019,12,ธ.ค.,ธ.ค. 2562,87.12,-1.39,-4.76,False,ดัชนีราคารถยนต์มือสอง
overall,ดัชนีรวม,2020-01,2563,2020,1,ม.ค.,ม.ค. 2563,95.91,10.09,-2.18,False,ดัชนีราคารถยนต์มือสอง
overall,ดัชนีรวม,2020-02,2563,2020,2,ก.พ.,ก.พ. 2563,96.01,0.1,-7.29,False,ดัชนีราคารถยนต์มือสอง
overall,ดัชนีรวม,2020-03,2563,2020,3,มี.ค.,มี.ค. 2563,90.26,-5.99,-11.38,False,ดัชนีราคารถยนต์มือสอง
overall,ดัชนีรวม,2020-04,2563,2020,4,เม.ย.,เม.ย. 2563,79.27,-12.18,-21.53,False,ดัชนีราคารถยนต์มือสอง
overall,ดัชนีรวม,2020-05,2563,2020,5,พ.ค.,พ.ค. 2563,83.71,5.6,-16.51,False,ดัชนีราคารถยนต์มือสอง
overall,ดัชนีรวม,2020-06,2563,2020,6,มิ.ย.,มิ.ย. 2563,92.51,10.51,-6.25,False,ดัชนีราคารถยนต์มือสอง
overall,ดัชนีรวม,2020-07,2563,2020,7,ก.ค.,ก.ค. 2563,98.09,6.03,1.31,False,ดัชนีราคารถยนต์มือสอง
overall,ดัชนีรวม,2020-08,2563,2020,8,ส.ค.,ส.ค. 2563,99.08,1.01,5.6,False,ดัชนีราคารถยนต์มือสอง
overall,ดัชนีรวม,2020-09,2563,2020,9,ก.ย.,ก.ย. 2563,98.71,-0.37,7.25,False,ดัชนีราคารถยนต์มือสอง
overall,ดัชนีรวม,2020-10,2563,2020,10,ต.ค.,ต.ค. 2563,100.22,1.53,12.33,False,ดัชนีราคารถยนต์มือสอง
overall,ดัชนีรวม,2020-11,2563,2020,11,พ.ย.,พ.ย. 2563,97.89,-2.32,10.8,False,ดัชนีราคารถยนต์มือสอง
overall,ดัชนีรวม,2020-12,2563,2020,12,ธ.ค.,ธ.ค. 2563,94.77,-3.19,8.78,False,ดัชนีราคารถยนต์มือสอง
overall,ดัชนีรวม,2021-01,2564,2021,1,ม.ค.,ม.ค. 2564,98.51,3.95,2.71,False,ดัชนีราคารถยนต์มือสอง
overall,ดัชนีรวม,2021-02,2564,2021,2,ก.พ.,ก.พ. 2564,98.77,0.26,2.87,False,ดัชนีราคารถยนต์มือสอง
overall,ดัชนีรวม,2021-03,2564,2021,3,มี.ค.,มี.ค. 2564,101.99,3.26,13.0,False,ดัชนีราคารถยนต์มือสอง
overall,ดัชนีรวม,2021-04,2564,2021,4,เม.ย.,เม.ย. 2564,101.78,-0.21,28.4,False,ดัชนีราคารถยนต์มือสอง
overall,ดัชนีรวม,2021-05,2564,2021,5,พ.ค.,พ.ค. 2564,103.2,1.4,23.28,False,ดัชนีราคารถยนต์มือสอง
overall,ดัชนีรวม,2021-06,2564,2021,6,มิ.ย.,มิ.ย. 2564,102.49,-0.69,10.79,False,ดัชนีราคารถยนต์มือสอง
overall,ดัชนีรวม,2021-07,2564,2021,7,ก.ค.,ก.ค. 2564,97.94,-4.44,-0.15,False,ดัชนีราคารถยนต์มือสอง
overall,ดัชนีรวม,2021-08,2564,2021,8,ส.ค.,ส.ค. 2564,94.01,-4.01,-5.12,False,ดัชนีราคารถยนต์มือสอง
overall,ดัชนีรวม,2021-09,2564,2021,9,ก.ย.,ก.ย. 2564,94.17,0.17,-4.6,False,ดัชนีราคารถยนต์มือสอง
overall,ดัชนีรวม,2021-10,2564,2021,10,ต.ค.,ต.ค. 2564,98.07,4.14,-2.15,False,ดัชนีราคารถยนต์มือสอง
overall,ดัชนีรวม,2021-11,2564,2021,11,พ.ย.,พ.ย. 2564,103.96,6.01,6.2,False,ดัชนีราคารถยนต์มือสอง
overall,ดัชนีรวม,2021-12,2564,2021,12,ธ.ค.,ธ.ค. 2564,105.11,1.11,10.91,False,ดัชนีราคารถยนต์มือสอง
overall,ดัชนีรวม,2022-01,2565,2022,1,ม.ค.,ม.ค. 2565,114.9,9.31,16.64,False,ดัชนีราคารถยนต์มือสอง
overall,ดัชนีรวม,2022-02,2565,2022,2,ก.พ.,ก.พ. 2565,117.89,2.6,19.36,False,ดัชนีราคารถยนต์มือสอง
overall,ดัชนีรวม,2022-03,2565,2022,3,มี.ค.,มี.ค. 2565,115.21,-2.27,12.96,False,ดัชนีราคารถยนต์มือสอง
overall,ดัชนีรวม,2022-04,2565,2022,4,เม.ย.,เม.ย. 2565,111.82,-2.94,9.86,False,ดัชนีราคารถยนต์มือสอง
overall,ดัชนีรวม,2022-05,2565,2022,5,พ.ค.,พ.ค. 2565,112.08,0.23,8.6,False,ดัชนีราคารถยนต์มือสอง
overall,ดัชนีรวม,2022-06,2565,2022,6,มิ.ย.,มิ.ย. 2565,110.86,-1.09,8.17,False,ดัชนีราคารถยนต์มือสอง
overall,ดัชนีรวม,2022-07,2565,2022,7,ก.ค.,ก.ค. 2565,106.14,-4.26,8.37,False,ดัชนีราคารถยนต์มือสอง
overall,ดัชนีรวม,2022-08,2565,2022,8,ส.ค.,ส.ค. 2565,102.25,-3.66,8.77,False,ดัชนีราคารถยนต์มือสอง
overall,ดัชนีรวม,2022-09,2565,2022,9,ก.ย.,ก.ย. 2565,99.95,-2.25,6.14,False,ดัชนีราคารถยนต์มือสอง
overall,ดัชนีรวม,2022-10,2565,2022,10,ต.ค.,ต.ค. 2565,95.7,-4.25,-2.42,False,ดัชนีราคารถยนต์มือสอง
overall,ดัชนีรวม,2022-11,2565,2022,11,พ.ย.,พ.ย. 2565,93.75,-2.04,-9.82,False,ดัชนีราคารถยนต์มือสอง
overall,ดัชนีรวม,2022-12,2565,2022,12,ธ.ค.,ธ.ค. 2565,91.14,-2.78,-13.29,False,ดัชนีราคารถยนต์มือสอง
overall,ดัชนีรวม,2023-01,2566,2023,1,ม.ค.,ม.ค. 2566,99.84,9.55,-13.11,False,ดัชนีราคารถยนต์มือสอง
overall,ดัชนีรวม,2023-02,2566,2023,2,ก.พ.,ก.พ. 2566,100.45,0.61,-14.79,False,ดัชนีราคารถยนต์มือสอง
overall,ดัชนีรวม,2023-03,2566,2023,3,มี.ค.,มี.ค. 2566,100.52,0.07,-12.75,False,ดัชนีราคารถยนต์มือสอง
overall,ดัชนีรวม,2023-04,2566,2023,4,เม.ย.,เม.ย. 2566,99.42,-1.09,-11.09,False,ดัชนีราคารถยนต์มือสอง
overall,ดัชนีรวม,2023-05,2566,2023,5,พ.ค.,พ.ค. 2566,99.22,-0.2,-11.47,False,ดัชนีราคารถยนต์มือสอง
overall,ดัชนีรวม,2023-06,2566,2023,6,มิ.ย.,มิ.ย. 2566,98.37,-0.86,-11.27,False,ดัชนีราคารถยนต์มือสอง
overall,ดัชนีรวม,2023-07,2566,2023,7,ก.ค.,ก.ค. 2566,91.36,-7.13,-13.93,False,ดัชนีราคารถยนต์มือสอง
overall,ดัชนีรวม,2023-08,2566,2023,8,ส.ค.,ส.ค. 2566,88.0,-3.68,-13.94,False,ดัชนีราคารถยนต์มือสอง
overall,ดัชนีรวม,2023-09,2566,2023,9,ก.ย.,ก.ย. 2566,82.89,-5.81,-17.07,False,ดัชนีราคารถยนต์มือสอง
overall,ดัชนีรวม,2023-10,2566,2023,10,ต.ค.,ต.ค. 2566,78.81,-4.92,-17.65,False,ดัชนีราคารถยนต์มือสอง
overall,ดัชนีรวม,2023-11,2566,2023,11,พ.ย.,พ.ย. 2566,72.89,-7.51,-22.25,False,ดัชนีราคารถยนต์มือสอง
overall,ดัชนีรวม,2023-12,2566,2023,12,ธ.ค.,ธ.ค. 2566,70.22,-3.66,-22.95,False,ดัชนีราคารถยนต์มือสอง
overall,ดัชนีรวม,2024-01,2567,2024,1,ม.ค.,ม.ค. 2567,79.91,13.8,-19.96,False,ดัชนีราคารถยนต์มือสอง
overall,ดัชนีรวม,2024-02,2567,2024,2,ก.พ.,ก.พ. 2567,83.69,4.73,-16.68,False,ดัชนีราคารถยนต์มือสอง
overall,ดัชนีรวม,2024-03,2567,2024,3,มี.ค.,มี.ค. 2567,82.49,-1.43,-17.94,False,ดัชนีราคารถยนต์มือสอง
overall,ดัชนีรวม,2024-04,2567,2024,4,เม.ย.,เม.ย. 2567,81.9,-0.72,-17.62,False,ดัชนีราคารถยนต์มือสอง
overall,ดัชนีรวม,2024-05,2567,2024,5,พ.ค.,พ.ค. 2567,82.97,1.31,-16.38,False,ดัชนีราคารถยนต์มือสอง
overall,ดัชนีรวม,2024-06,2567,2024,6,มิ.ย.,มิ.ย. 2567,81.14,-2.21,-17.52,False,ดัชนีราคารถยนต์มือสอง
overall,ดัชนีรวม,2024-07,2567,2024,7,ก.ค.,ก.ค. 2567,78.52,-3.23,-14.05,False,ดัชนีราคารถยนต์มือสอง
overall,ดัชนีรวม,2024-08,2567,2024,8,ส.ค.,ส.ค. 2567,75.46,-3.9,-14.25,False,ดัชนีราคารถยนต์มือสอง
overall,ดัชนีรวม,2024-09,2567,2024,9,ก.ย.,ก.ย. 2567,71.78,-4.88,-13.4,False,ดัชนีราคารถยนต์มือสอง
overall,ดัชนีรวม,2024-10,2567,2024,10,ต.ค.,ต.ค. 2567,71.8,0.03,-8.89,False,ดัชนีราคารถยนต์มือสอง
overall,ดัชนีรวม,2024-11,2567,2024,11,พ.ย.,พ.ย. 2567,74.66,3.98,2.43,False,ดัชนีราคารถยนต์มือสอง
overall,ดัชนีรวม,2024-12,2567,2024,12,ธ.ค.,ธ.ค. 2567,76.05,1.86,8.3,False,ดัชนีราคารถยนต์มือสอง
overall,ดัชนีรวม,2025-01,2568,2025,1,ม.ค.,ม.ค. 2568,84.48,11.08,5.72,False,ดัชนีราคารถยนต์มือสอง
overall,ดัชนีรวม,2025-02,2568,2025,2,ก.พ.,ก.พ. 2568,86.57,2.47,3.44,False,ดัชนีราคารถยนต์มือสอง
overall,ดัชนีรวม,2025-03,2568,2025,3,มี.ค.,มี.ค. 2568,89.35,3.21,8.32,False,ดัชนีราคารถยนต์มือสอง
overall,ดัชนีรวม,2025-04,2568,2025,4,เม.ย.,เม.ย. 2568,86.25,-3.47,5.31,False,ดัชนีราคารถยนต์มือสอง
overall,ดัชนีรวม,2025-05,2568,2025,5,พ.ค.,พ.ค. 2568,86.35,0.12,4.07,False,ดัชนีราคารถยนต์มือสอง
overall,ดัชนีรวม,2025-06,2568,2025,6,มิ.ย.,มิ.ย. 2568,85.22,-1.31,5.03,False,ดัชนีราคารถยนต์มือสอง
overall,ดัชนีรวม,2025-07,2568,2025,7,ก.ค.,ก.ค. 2568,83.5,-2.02,6.34,False,ดัชนีราคารถยนต์มือสอง
overall,ดัชนีรวม,2025-08,2568,2025,8,ส.ค.,ส.ค. 2568,81.11,-2.86,7.49,False,ดัชนีราคารถยนต์มือสอง
overall,ดัชนีรวม,2025-09,2568,2025,9,ก.ย.,ก.ย. 2568,80.74,-0.46,12.48,False,ดัชนีราคารถยนต์มือสอง
overall,ดัชนีรวม,2025-10,2568,2025,10,ต.ค.,ต.ค. 2568,80.95,0.26,12.74,False,ดัชนีราคารถยนต์มือสอง
overall,ดัชนีรวม,2025-11,2568,2025,11,พ.ย.,พ.ย. 2568,81.12,0.21,8.65,False,ดัชนีราคารถยนต์มือสอง
overall,ดัชนีรวม,2025-12,2568,2025,12,ธ.ค.,ธ.ค. 2568,81.77,0.8,7.52,False,ดัชนีราคารถยนต์มือสอง
overall,ดัชนีรวม,2026-01,2569,2026,1,ม.ค.,ม.ค. 2569,89.62,9.6,6.08,False,ดัชนีราคารถยนต์มือสอง
overall,ดัชนีรวม,2026-02,2569,2026,2,ก.พ.,ก.พ. 2569,92.38,3.08,6.71,False,ดัชนีราคารถยนต์มือสอง
overall,ดัชนีรวม,2026-03,2569,2026,3,มี.ค.,มี.ค. 2569,96.18,4.11,7.64,False,ดัชนีราคารถยนต์มือสอง
overall,ดัชนีรวม,2026-04,2569,2026,4,เม.ย.,เม.ย. 2569,88.3,-8.19,2.38,False,ดัชนีราคารถยนต์มือสอง
overall,ดัชนีรวม,2026-05,2569,2026,5,พ.ค.,พ.ค. 2569,87.76,-0.61,1.63,False,ดัชนีราคารถยนต์มือสอง
overall,ดัชนีรวม,2026-06,2569,2026,6,มิ.ย.,มิ.ย. 2569,87.46,-0.34,2.63,False,ดัชนีราคารถยนต์มือสอง
overall,ดัชนีรวม,2026-07,2569,2026,7,ก.ค.,ก.ค. 2569,83.54,-4.48,0.05,False,ดัชนีราคารถยนต์มือสอง
passenger,รถยนต์นั่งมือสอง,2017-01,2560,2017,1,ม.ค.,ม.ค. 2560,102.59,,,False,ดัชนีราคารถยนต์นั่งมือสอง
passenger,รถยนต์นั่งมือสอง,2017-02,2560,2017,2,ก.พ.,ก.พ. 2560,105.24,2.58,,False,ดัชนีราคารถยนต์นั่งมือสอง
passenger,รถยนต์นั่งมือสอง,2017-03,2560,2017,3,มี.ค.,มี.ค. 2560,107.06,1.73,,False,ดัชนีราคารถยนต์นั่งมือสอง
passenger,รถยนต์นั่งมือสอง,2017-04,2560,2017,4,เม.ย.,เม.ย. 2560,105.6,-1.36,,False,ดัชนีราคารถยนต์นั่งมือสอง
passenger,รถยนต์นั่งมือสอง,2017-05,2560,2017,5,พ.ค.,พ.ค. 2560,110.92,5.04,,False,ดัชนีราคารถยนต์นั่งมือสอง
passenger,รถยนต์นั่งมือสอง,2017-06,2560,2017,6,มิ.ย.,มิ.ย. 2560,106.66,-3.84,,False,ดัชนีราคารถยนต์นั่งมือสอง
passenger,รถยนต์นั่งมือสอง,2017-07,2560,2017,7,ก.ค.,ก.ค. 2560,104.23,-2.28,,False,ดัชนีราคารถยนต์นั่งมือสอง
passenger,รถยนต์นั่งมือสอง,2017-08,2560,2017,8,ส.ค.,ส.ค. 2560,105.14,0.87,,False,ดัชนีราคารถยนต์นั่งมือสอง
passenger,รถยนต์นั่งมือสอง,2017-09,2560,2017,9,ก.ย.,ก.ย. 2560,98.4,-6.41,,False,ดัชนีราคารถยนต์นั่งมือสอง
passenger,รถยนต์นั่งมือสอง,2017-10,2560,2017,10,ต.ค.,ต.ค. 2560,99.8,1.42,,False,ดัชนีราคารถยนต์นั่งมือสอง
passenger,รถยนต์นั่งมือสอง,2017-11,2560,2017,11,พ.ย.,พ.ย. 2560,95.41,-4.4,,False,ดัชนีราคารถยนต์นั่งมือสอง
passenger,รถยนต์นั่งมือสอง,2017-12,2560,2017,12,ธ.ค.,ธ.ค. 2560,95.27,-0.15,,False,ดัชนีราคารถยนต์นั่งมือสอง
passenger,รถยนต์นั่งมือสอง,2018-01,2561,2018,1,ม.ค.,ม.ค. 2561,109.22,14.64,6.46,False,ดัชนีราคารถยนต์นั่งมือสอง
passenger,รถยนต์นั่งมือสอง,2018-02,2561,2018,2,ก.พ.,ก.พ. 2561,111.04,1.67,5.51,False,ดัชนีราคารถยนต์นั่งมือสอง
passenger,รถยนต์นั่งมือสอง,2018-03,2561,2018,3,มี.ค.,มี.ค. 2561,113.42,2.14,5.94,False,ดัชนีราคารถยนต์นั่งมือสอง
passenger,รถยนต์นั่งมือสอง,2018-04,2561,2018,4,เม.ย.,เม.ย. 2561,109.3,-3.63,3.5,False,ดัชนีราคารถยนต์นั่งมือสอง
passenger,รถยนต์นั่งมือสอง,2018-05,2561,2018,5,พ.ค.,พ.ค. 2561,109.0,-0.27,-1.73,False,ดัชนีราคารถยนต์นั่งมือสอง
passenger,รถยนต์นั่งมือสอง,2018-06,2561,2018,6,มิ.ย.,มิ.ย. 2561,106.2,-2.57,-0.43,False,ดัชนีราคารถยนต์นั่งมือสอง
passenger,รถยนต์นั่งมือสอง,2018-07,2561,2018,7,ก.ค.,ก.ค. 2561,101.71,-4.23,-2.42,False,ดัชนีราคารถยนต์นั่งมือสอง
passenger,รถยนต์นั่งมือสอง,2018-08,2561,2018,8,ส.ค.,ส.ค. 2561,100.19,-1.49,-4.71,False,ดัชนีราคารถยนต์นั่งมือสอง
passenger,รถยนต์นั่งมือสอง,2018-09,2561,2018,9,ก.ย.,ก.ย. 2561,100.23,0.04,1.86,False,ดัชนีราคารถยนต์นั่งมือสอง
passenger,รถยนต์นั่งมือสอง,2018-10,2561,2018,10,ต.ค.,ต.ค. 2561,96.99,-3.23,-2.82,False,ดัชนีราคารถยนต์นั่งมือสอง
passenger,รถยนต์นั่งมือสอง,2018-11,2561,2018,11,พ.ย.,พ.ย. 2561,94.78,-2.28,-0.66,False,ดัชนีราคารถยนต์นั่งมือสอง
passenger,รถยนต์นั่งมือสอง,2018-12,2561,2018,12,ธ.ค.,ธ.ค. 2561,92.87,-2.02,-2.52,False,ดัชนีราคารถยนต์นั่งมือสอง
passenger,รถยนต์นั่งมือสอง,2019-01,2562,2019,1,ม.ค.,ม.ค. 2562,100.76,8.5,-7.75,False,ดัชนีราคารถยนต์นั่งมือสอง
passenger,รถยนต์นั่งมือสอง,2019-02,2562,2019,2,ก.พ.,ก.พ. 2562,106.58,5.78,-4.02,False,ดัชนีราคารถยนต์นั่งมือสอง
passenger,รถยนต์นั่งมือสอง,2019-03,2562,2019,3,มี.ค.,มี.ค. 2562,106.1,-0.45,-6.45,False,ดัชนีราคารถยนต์นั่งมือสอง
passenger,รถยนต์นั่งมือสอง,2019-04,2562,2019,4,เม.ย.,เม.ย. 2562,105.39,-0.67,-3.58,False,ดัชนีราคารถยนต์นั่งมือสอง
passenger,รถยนต์นั่งมือสอง,2019-05,2562,2019,5,พ.ค.,พ.ค. 2562,103.69,-1.61,-4.87,False,ดัชนีราคารถยนต์นั่งมือสอง
passenger,รถยนต์นั่งมือสอง,2019-06,2562,2019,6,มิ.ย.,มิ.ย. 2562,100.7,-2.88,-5.18,False,ดัชนีราคารถยนต์นั่งมือสอง
passenger,รถยนต์นั่งมือสอง,2019-07,2562,2019,7,ก.ค.,ก.ค. 2562,99.29,-1.4,-2.38,False,ดัชนีราคารถยนต์นั่งมือสอง
passenger,รถยนต์นั่งมือสอง,2019-08,2562,2019,8,ส.ค.,ส.ค. 2562,96.39,-2.92,-3.79,False,ดัชนีราคารถยนต์นั่งมือสอง
passenger,รถยนต์นั่งมือสอง,2019-09,2562,2019,9,ก.ย.,ก.ย. 2562,95.2,-1.23,-5.02,False,ดัชนีราคารถยนต์นั่งมือสอง
passenger,รถยนต์นั่งมือสอง,2019-10,2562,2019,10,ต.ค.,ต.ค. 2562,91.02,-4.39,-6.16,False,ดัชนีราคารถยนต์นั่งมือสอง
passenger,รถยนต์นั่งมือสอง,2019-11,2562,2019,11,พ.ย.,พ.ย. 2562,91.72,0.77,-3.23,False,ดัชนีราคารถยนต์นั่งมือสอง
passenger,รถยนต์นั่งมือสอง,2019-12,2562,2019,12,ธ.ค.,ธ.ค. 2562,89.25,-2.69,-3.9,False,ดัชนีราคารถยนต์นั่งมือสอง
passenger,รถยนต์นั่งมือสอง,2020-01,2563,2020,1,ม.ค.,ม.ค. 2563,98.13,9.95,-2.61,False,ดัชนีราคารถยนต์นั่งมือสอง
passenger,รถยนต์นั่งมือสอง,2020-02,2563,2020,2,ก.พ.,ก.พ. 2563,99.73,1.63,-6.43,False,ดัชนีราคารถยนต์นั่งมือสอง
passenger,รถยนต์นั่งมือสอง,2020-03,2563,2020,3,มี.ค.,มี.ค. 2563,92.1,-7.65,-13.2,False,ดัชนีราคารถยนต์นั่งมือสอง
passenger,รถยนต์นั่งมือสอง,2020-04,2563,2020,4,เม.ย.,เม.ย. 2563,81.12,-11.92,-23.03,False,ดัชนีราคารถยนต์นั่งมือสอง
passenger,รถยนต์นั่งมือสอง,2020-05,2563,2020,5,พ.ค.,พ.ค. 2563,85.54,5.45,-17.5,False,ดัชนีราคารถยนต์นั่งมือสอง
passenger,รถยนต์นั่งมือสอง,2020-06,2563,2020,6,มิ.ย.,มิ.ย. 2563,94.45,10.42,-6.21,False,ดัชนีราคารถยนต์นั่งมือสอง
passenger,รถยนต์นั่งมือสอง,2020-07,2563,2020,7,ก.ค.,ก.ค. 2563,100.78,6.7,1.5,False,ดัชนีราคารถยนต์นั่งมือสอง
passenger,รถยนต์นั่งมือสอง,2020-08,2563,2020,8,ส.ค.,ส.ค. 2563,99.81,-0.96,3.55,False,ดัชนีราคารถยนต์นั่งมือสอง
passenger,รถยนต์นั่งมือสอง,2020-09,2563,2020,9,ก.ย.,ก.ย. 2563,101.87,2.06,7.01,False,ดัชนีราคารถยนต์นั่งมือสอง
passenger,รถยนต์นั่งมือสอง,2020-10,2563,2020,10,ต.ค.,ต.ค. 2563,102.85,0.96,13.0,False,ดัชนีราคารถยนต์นั่งมือสอง
passenger,รถยนต์นั่งมือสอง,2020-11,2563,2020,11,พ.ย.,พ.ย. 2563,99.75,-3.01,8.75,False,ดัชนีราคารถยนต์นั่งมือสอง
passenger,รถยนต์นั่งมือสอง,2020-12,2563,2020,12,ธ.ค.,ธ.ค. 2563,96.84,-2.92,8.5,False,ดัชนีราคารถยนต์นั่งมือสอง
passenger,รถยนต์นั่งมือสอง,2021-01,2564,2021,1,ม.ค.,ม.ค. 2564,100.66,3.94,2.58,False,ดัชนีราคารถยนต์นั่งมือสอง
passenger,รถยนต์นั่งมือสอง,2021-02,2564,2021,2,ก.พ.,ก.พ. 2564,99.38,-1.27,-0.35,False,ดัชนีราคารถยนต์นั่งมือสอง
passenger,รถยนต์นั่งมือสอง,2021-03,2564,2021,3,มี.ค.,มี.ค. 2564,102.98,3.62,11.81,False,ดัชนีราคารถยนต์นั่งมือสอง
passenger,รถยนต์นั่งมือสอง,2021-04,2564,2021,4,เม.ย.,เม.ย. 2564,102.01,-0.94,25.75,False,ดัชนีราคารถยนต์นั่งมือสอง
passenger,รถยนต์นั่งมือสอง,2021-05,2564,2021,5,พ.ค.,พ.ค. 2564,103.9,1.85,21.46,False,ดัชนีราคารถยนต์นั่งมือสอง
passenger,รถยนต์นั่งมือสอง,2021-06,2564,2021,6,มิ.ย.,มิ.ย. 2564,101.55,-2.26,7.52,False,ดัชนีราคารถยนต์นั่งมือสอง
passenger,รถยนต์นั่งมือสอง,2021-07,2564,2021,7,ก.ค.,ก.ค. 2564,96.58,-4.89,-4.17,False,ดัชนีราคารถยนต์นั่งมือสอง
passenger,รถยนต์นั่งมือสอง,2021-08,2564,2021,8,ส.ค.,ส.ค. 2564,93.12,-3.58,-6.7,False,ดัชนีราคารถยนต์นั่งมือสอง
passenger,รถยนต์นั่งมือสอง,2021-09,2564,2021,9,ก.ย.,ก.ย. 2564,92.22,-0.97,-9.47,False,ดัชนีราคารถยนต์นั่งมือสอง
passenger,รถยนต์นั่งมือสอง,2021-10,2564,2021,10,ต.ค.,ต.ค. 2564,98.63,6.95,-4.1,False,ดัชนีราคารถยนต์นั่งมือสอง
passenger,รถยนต์นั่งมือสอง,2021-11,2564,2021,11,พ.ย.,พ.ย. 2564,103.44,4.88,3.7,False,ดัชนีราคารถยนต์นั่งมือสอง
passenger,รถยนต์นั่งมือสอง,2021-12,2564,2021,12,ธ.ค.,ธ.ค. 2564,105.54,2.03,8.98,False,ดัชนีราคารถยนต์นั่งมือสอง
passenger,รถยนต์นั่งมือสอง,2022-01,2565,2022,1,ม.ค.,ม.ค. 2565,115.68,9.61,14.92,False,ดัชนีราคารถยนต์นั่งมือสอง
passenger,รถยนต์นั่งมือสอง,2022-02,2565,2022,2,ก.พ.,ก.พ. 2565,119.93,3.67,20.68,False,ดัชนีราคารถยนต์นั่งมือสอง
passenger,รถยนต์นั่งมือสอง,2022-03,2565,2022,3,มี.ค.,มี.ค. 2565,117.93,-1.67,14.52,False,ดัชนีราคารถยนต์นั่งมือสอง
passenger,รถยนต์นั่งมือสอง,2022-04,2565,2022,4,เม.ย.,เม.ย. 2565,111.35,-5.58,9.16,False,ดัชนีราคารถยนต์นั่งมือสอง
passenger,รถยนต์นั่งมือสอง,2022-05,2565,2022,5,พ.ค.,พ.ค. 2565,114.17,2.53,9.88,False,ดัชนีราคารถยนต์นั่งมือสอง
passenger,รถยนต์นั่งมือสอง,2022-06,2565,2022,6,มิ.ย.,มิ.ย. 2565,112.02,-1.88,10.31,False,ดัชนีราคารถยนต์นั่งมือสอง
passenger,รถยนต์นั่งมือสอง,2022-07,2565,2022,7,ก.ค.,ก.ค. 2565,110.51,-1.35,14.42,False,ดัชนีราคารถยนต์นั่งมือสอง
passenger,รถยนต์นั่งมือสอง,2022-08,2565,2022,8,ส.ค.,ส.ค. 2565,105.08,-4.91,12.84,False,ดัชนีราคารถยนต์นั่งมือสอง
passenger,รถยนต์นั่งมือสอง,2022-09,2565,2022,9,ก.ย.,ก.ย. 2565,103.24,-1.75,11.95,False,ดัชนีราคารถยนต์นั่งมือสอง
passenger,รถยนต์นั่งมือสอง,2022-10,2565,2022,10,ต.ค.,ต.ค. 2565,101.0,-2.17,2.4,False,ดัชนีราคารถยนต์นั่งมือสอง
passenger,รถยนต์นั่งมือสอง,2022-11,2565,2022,11,พ.ย.,พ.ย. 2565,99.91,-1.08,-3.41,False,ดัชนีราคารถยนต์นั่งมือสอง
passenger,รถยนต์นั่งมือสอง,2022-12,2565,2022,12,ธ.ค.,ธ.ค. 2565,97.0,-2.91,-8.09,False,ดัชนีราคารถยนต์นั่งมือสอง
passenger,รถยนต์นั่งมือสอง,2023-01,2566,2023,1,ม.ค.,ม.ค. 2566,110.09,13.49,-4.83,False,ดัชนีราคารถยนต์นั่งมือสอง
passenger,รถยนต์นั่งมือสอง,2023-02,2566,2023,2,ก.พ.,ก.พ. 2566,111.65,1.42,-6.9,False,ดัชนีราคารถยนต์นั่งมือสอง
passenger,รถยนต์นั่งมือสอง,2023-03,2566,2023,3,มี.ค.,มี.ค. 2566,113.88,2.0,-3.43,False,ดัชนีราคารถยนต์นั่งมือสอง
passenger,รถยนต์นั่งมือสอง,2023-04,2566,2023,4,เม.ย.,เม.ย. 2566,110.42,-3.04,-0.84,False,ดัชนีราคารถยนต์นั่งมือสอง
passenger,รถยนต์นั่งมือสอง,2023-05,2566,2023,5,พ.ค.,พ.ค. 2566,111.04,0.56,-2.74,False,ดัชนีราคารถยนต์นั่งมือสอง
passenger,รถยนต์นั่งมือสอง,2023-06,2566,2023,6,มิ.ย.,มิ.ย. 2566,109.77,-1.14,-2.01,False,ดัชนีราคารถยนต์นั่งมือสอง
passenger,รถยนต์นั่งมือสอง,2023-07,2566,2023,7,ก.ค.,ก.ค. 2566,102.83,-6.32,-6.95,False,ดัชนีราคารถยนต์นั่งมือสอง
passenger,รถยนต์นั่งมือสอง,2023-08,2566,2023,8,ส.ค.,ส.ค. 2566,100.35,-2.41,-4.5,False,ดัชนีราคารถยนต์นั่งมือสอง
passenger,รถยนต์นั่งมือสอง,2023-09,2566,2023,9,ก.ย.,ก.ย. 2566,94.92,-5.41,-8.06,False,ดัชนีราคารถยนต์นั่งมือสอง
passenger,รถยนต์นั่งมือสอง,2023-10,2566,2023,10,ต.ค.,ต.ค. 2566,89.81,-5.38,-11.08,False,ดัชนีราคารถยนต์นั่งมือสอง
passenger,รถยนต์นั่งมือสอง,2023-11,2566,2023,11,พ.ย.,พ.ย. 2566,82.05,-8.64,-17.88,False,ดัชนีราคารถยนต์นั่งมือสอง
passenger,รถยนต์นั่งมือสอง,2023-12,2566,2023,12,ธ.ค.,ธ.ค. 2566,79.21,-3.46,-18.34,False,ดัชนีราคารถยนต์นั่งมือสอง
passenger,รถยนต์นั่งมือสอง,2024-01,2567,2024,1,ม.ค.,ม.ค. 2567,90.68,14.48,-17.63,False,ดัชนีราคารถยนต์นั่งมือสอง
passenger,รถยนต์นั่งมือสอง,2024-02,2567,2024,2,ก.พ.,ก.พ. 2567,96.48,6.4,-13.59,False,ดัชนีราคารถยนต์นั่งมือสอง
passenger,รถยนต์นั่งมือสอง,2024-03,2567,2024,3,มี.ค.,มี.ค. 2567,93.83,-2.75,-17.61,False,ดัชนีราคารถยนต์นั่งมือสอง
passenger,รถยนต์นั่งมือสอง,2024-04,2567,2024,4,เม.ย.,เม.ย. 2567,92.49,-1.43,-16.24,False,ดัชนีราคารถยนต์นั่งมือสอง
passenger,รถยนต์นั่งมือสอง,2024-05,2567,2024,5,พ.ค.,พ.ค. 2567,92.48,-0.01,-16.71,False,ดัชนีราคารถยนต์นั่งมือสอง
passenger,รถยนต์นั่งมือสอง,2024-06,2567,2024,6,มิ.ย.,มิ.ย. 2567,91.21,-1.37,-16.91,False,ดัชนีราคารถยนต์นั่งมือสอง
passenger,รถยนต์นั่งมือสอง,2024-07,2567,2024,7,ก.ค.,ก.ค. 2567,87.44,-4.13,-14.97,False,ดัชนีราคารถยนต์นั่งมือสอง
passenger,รถยนต์นั่งมือสอง,2024-08,2567,2024,8,ส.ค.,ส.ค. 2567,86.49,-1.09,-13.81,False,ดัชนีราคารถยนต์นั่งมือสอง
passenger,รถยนต์นั่งมือสอง,2024-09,2567,2024,9,ก.ย.,ก.ย. 2567,81.25,-6.06,-14.4,False,ดัชนีราคารถยนต์นั่งมือสอง
passenger,รถยนต์นั่งมือสอง,2024-10,2567,2024,10,ต.ค.,ต.ค. 2567,82.17,1.13,-8.51,False,ดัชนีราคารถยนต์นั่งมือสอง
passenger,รถยนต์นั่งมือสอง,2024-11,2567,2024,11,พ.ย.,พ.ย. 2567,84.96,3.4,3.55,False,ดัชนีราคารถยนต์นั่งมือสอง
passenger,รถยนต์นั่งมือสอง,2024-12,2567,2024,12,ธ.ค.,ธ.ค. 2567,86.49,1.8,9.19,False,ดัชนีราคารถยนต์นั่งมือสอง
passenger,รถยนต์นั่งมือสอง,2025-01,2568,2025,1,ม.ค.,ม.ค. 2568,94.65,9.43,4.38,False,ดัชนีราคารถยนต์นั่งมือสอง
passenger,รถยนต์นั่งมือสอง,2025-02,2568,2025,2,ก.พ.,ก.พ. 2568,97.89,3.42,1.46,False,ดัชนีราคารถยนต์นั่งมือสอง
passenger,รถยนต์นั่งมือสอง,2025-03,2568,2025,3,มี.ค.,มี.ค. 2568,100.86,3.03,7.49,False,ดัชนีราคารถยนต์นั่งมือสอง
passenger,รถยนต์นั่งมือสอง,2025-04,2568,2025,4,เม.ย.,เม.ย. 2568,95.64,-5.18,3.41,False,ดัชนีราคารถยนต์นั่งมือสอง
passenger,รถยนต์นั่งมือสอง,2025-05,2568,2025,5,พ.ค.,พ.ค. 2568,96.3,0.69,4.13,False,ดัชนีราคารถยนต์นั่งมือสอง
passenger,รถยนต์นั่งมือสอง,2025-06,2568,2025,6,มิ.ย.,มิ.ย. 2568,94.25,-2.13,3.33,False,ดัชนีราคารถยนต์นั่งมือสอง
passenger,รถยนต์นั่งมือสอง,2025-07,2568,2025,7,ก.ค.,ก.ค. 2568,92.81,-1.53,6.14,False,ดัชนีราคารถยนต์นั่งมือสอง
passenger,รถยนต์นั่งมือสอง,2025-08,2568,2025,8,ส.ค.,ส.ค. 2568,91.15,-1.79,5.39,False,ดัชนีราคารถยนต์นั่งมือสอง
passenger,รถยนต์นั่งมือสอง,2025-09,2568,2025,9,ก.ย.,ก.ย. 2568,86.54,-5.06,6.51,False,ดัชนีราคารถยนต์นั่งมือสอง
passenger,รถยนต์นั่งมือสอง,2025-10,2568,2025,10,ต.ค.,ต.ค. 2568,87.15,0.7,6.06,False,ดัชนีราคารถยนต์นั่งมือสอง
passenger,รถยนต์นั่งมือสอง,2025-11,2568,2025,11,พ.ย.,พ.ย. 2568,86.8,-0.4,2.17,False,ดัชนีราคารถยนต์นั่งมือสอง
passenger,รถยนต์นั่งมือสอง,2025-12,2568,2025,12,ธ.ค.,ธ.ค. 2568,85.05,-2.02,-1.66,False,ดัชนีราคารถยนต์นั่งมือสอง
passenger,รถยนต์นั่งมือสอง,2026-01,2569,2026,1,ม.ค.,ม.ค. 2569,98.04,15.27,3.58,False,ดัชนีราคารถยนต์นั่งมือสอง
passenger,รถยนต์นั่งมือสอง,2026-02,2569,2026,2,ก.พ.,ก.พ. 2569,100.01,2.01,2.17,False,ดัชนีราคารถยนต์นั่งมือสอง
passenger,รถยนต์นั่งมือสอง,2026-03,2569,2026,3,มี.ค.,มี.ค. 2569,101.53,1.52,0.66,False,ดัชนีราคารถยนต์นั่งมือสอง
passenger,รถยนต์นั่งมือสอง,2026-04,2569,2026,4,เม.ย.,เม.ย. 2569,95.64,-5.8,0.0,False,ดัชนีราคารถยนต์นั่งมือสอง
passenger,รถยนต์นั่งมือสอง,2026-05,2569,2026,5,พ.ค.,พ.ค. 2569,89.79,-6.12,-6.76,False,ดัชนีราคารถยนต์นั่งมือสอง
passenger,รถยนต์นั่งมือสอง,2026-06,2569,2026,6,มิ.ย.,มิ.ย. 2569,87.57,-2.47,-7.09,False,ดัชนีราคารถยนต์นั่งมือสอง
passenger,รถยนต์นั่งมือสอง,2026-07,2569,2026,7,ก.ค.,ก.ค. 2569,86.06,-1.72,-7.27,False,ดัชนีราคารถยนต์นั่งมือสอง
truck,รถยนต์บรรทุกมือสอง,2017-01,2560,2017,1,ม.ค.,ม.ค. 2560,102.18,,,False,ดัชนีราคารถยนต์บรรทุกมือสอง
truck,รถยนต์บรรทุกมือสอง,2017-02,2560,2017,2,ก.พ.,ก.พ. 2560,103.78,1.57,,False,ดัชนีราคารถยนต์บรรทุกมือสอง
truck,รถยนต์บรรทุกมือสอง,2017-03,2560,2017,3,มี.ค.,มี.ค. 2560,105.06,1.23,,False,ดัชนีราคารถยนต์บรรทุกมือสอง
truck,รถยนต์บรรทุกมือสอง,2017-04,2560,2017,4,เม.ย.,เม.ย. 2560,105.86,0.76,,False,ดัชนีราคารถยนต์บรรทุกมือสอง
truck,รถยนต์บรรทุกมือสอง,2017-05,2560,2017,5,พ.ค.,พ.ค. 2560,102.01,-3.64,,False,ดัชนีราคารถยนต์บรรทุกมือสอง
truck,รถยนต์บรรทุกมือสอง,2017-06,2560,2017,6,มิ.ย.,มิ.ย. 2560,102.1,0.09,,False,ดัชนีราคารถยนต์บรรทุกมือสอง
truck,รถยนต์บรรทุกมือสอง,2017-07,2560,2017,7,ก.ค.,ก.ค. 2560,97.63,-4.38,,False,ดัชนีราคารถยนต์บรรทุกมือสอง
truck,รถยนต์บรรทุกมือสอง,2017-08,2560,2017,8,ส.ค.,ส.ค. 2560,96.15,-1.52,,False,ดัชนีราคารถยนต์บรรทุกมือสอง
truck,รถยนต์บรรทุกมือสอง,2017-09,2560,2017,9,ก.ย.,ก.ย. 2560,94.62,-1.59,,False,ดัชนีราคารถยนต์บรรทุกมือสอง
truck,รถยนต์บรรทุกมือสอง,2017-10,2560,2017,10,ต.ค.,ต.ค. 2560,96.22,1.69,,False,ดัชนีราคารถยนต์บรรทุกมือสอง
truck,รถยนต์บรรทุกมือสอง,2017-11,2560,2017,11,พ.ย.,พ.ย. 2560,94.01,-2.3,,False,ดัชนีราคารถยนต์บรรทุกมือสอง
truck,รถยนต์บรรทุกมือสอง,2017-12,2560,2017,12,ธ.ค.,ธ.ค. 2560,92.79,-1.3,,False,ดัชนีราคารถยนต์บรรทุกมือสอง
truck,รถยนต์บรรทุกมือสอง,2018-01,2561,2018,1,ม.ค.,ม.ค. 2561,102.65,10.63,0.46,False,ดัชนีราคารถยนต์บรรทุกมือสอง
truck,รถยนต์บรรทุกมือสอง,2018-02,2561,2018,2,ก.พ.,ก.พ. 2561,108.47,5.67,4.52,False,ดัชนีราคารถยนต์บรรทุกมือสอง
truck,รถยนต์บรรทุกมือสอง,2018-03,2561,2018,3,มี.ค.,มี.ค. 2561,108.43,-0.04,3.21,False,ดัชนีราคารถยนต์บรรทุกมือสอง
truck,รถยนต์บรรทุกมือสอง,2018-04,2561,2018,4,เม.ย.,เม.ย. 2561,105.69,-2.53,-0.16,False,ดัชนีราคารถยนต์บรรทุกมือสอง
truck,รถยนต์บรรทุกมือสอง,2018-05,2561,2018,5,พ.ค.,พ.ค. 2561,104.48,-1.14,2.42,False,ดัชนีราคารถยนต์บรรทุกมือสอง
truck,รถยนต์บรรทุกมือสอง,2018-06,2561,2018,6,มิ.ย.,มิ.ย. 2561,105.1,0.59,2.94,False,ดัชนีราคารถยนต์บรรทุกมือสอง
truck,รถยนต์บรรทุกมือสอง,2018-07,2561,2018,7,ก.ค.,ก.ค. 2561,96.73,-7.96,-0.92,False,ดัชนีราคารถยนต์บรรทุกมือสอง
truck,รถยนต์บรรทุกมือสอง,2018-08,2561,2018,8,ส.ค.,ส.ค. 2561,94.11,-2.71,-2.12,False,ดัชนีราคารถยนต์บรรทุกมือสอง
truck,รถยนต์บรรทุกมือสอง,2018-09,2561,2018,9,ก.ย.,ก.ย. 2561,95.32,1.29,0.74,False,ดัชนีราคารถยนต์บรรทุกมือสอง
truck,รถยนต์บรรทุกมือสอง,2018-10,2561,2018,10,ต.ค.,ต.ค. 2561,91.7,-3.8,-4.7,False,ดัชนีราคารถยนต์บรรทุกมือสอง
truck,รถยนต์บรรทุกมือสอง,2018-11,2561,2018,11,พ.ย.,พ.ย. 2561,89.08,-2.86,-5.24,False,ดัชนีราคารถยนต์บรรทุกมือสอง
truck,รถยนต์บรรทุกมือสอง,2018-12,2561,2018,12,ธ.ค.,ธ.ค. 2561,90.67,1.78,-2.28,False,ดัชนีราคารถยนต์บรรทุกมือสอง
truck,รถยนต์บรรทุกมือสอง,2019-01,2562,2019,1,ม.ค.,ม.ค. 2562,96.52,6.45,-5.97,False,ดัชนีราคารถยนต์บรรทุกมือสอง
truck,รถยนต์บรรทุกมือสอง,2019-02,2562,2019,2,ก.พ.,ก.พ. 2562,101.87,5.54,-6.08,False,ดัชนีราคารถยนต์บรรทุกมือสอง
truck,รถยนต์บรรทุกมือสอง,2019-03,2562,2019,3,มี.ค.,มี.ค. 2562,99.58,-2.25,-8.16,False,ดัชนีราคารถยนต์บรรทุกมือสอง
truck,รถยนต์บรรทุกมือสอง,2019-04,2562,2019,4,เม.ย.,เม.ย. 2562,98.7,-0.88,-6.61,False,ดัชนีราคารถยนต์บรรทุกมือสอง
truck,รถยนต์บรรทุกมือสอง,2019-05,2562,2019,5,พ.ค.,พ.ค. 2562,98.38,-0.32,-5.84,False,ดัชนีราคารถยนต์บรรทุกมือสอง
truck,รถยนต์บรรทุกมือสอง,2019-06,2562,2019,6,มิ.ย.,มิ.ย. 2562,97.48,-0.91,-7.25,False,ดัชนีราคารถยนต์บรรทุกมือสอง
truck,รถยนต์บรรทุกมือสอง,2019-07,2562,2019,7,ก.ค.,ก.ค. 2562,95.41,-2.12,-1.36,False,ดัชนีราคารถยนต์บรรทุกมือสอง
truck,รถยนต์บรรทุกมือสอง,2019-08,2562,2019,8,ส.ค.,ส.ค. 2562,92.39,-3.17,-1.83,False,ดัชนีราคารถยนต์บรรทุกมือสอง
truck,รถยนต์บรรทุกมือสอง,2019-09,2562,2019,9,ก.ย.,ก.ย. 2562,90.33,-2.23,-5.23,False,ดัชนีราคารถยนต์บรรทุกมือสอง
truck,รถยนต์บรรทุกมือสอง,2019-10,2562,2019,10,ต.ค.,ต.ค. 2562,88.15,-2.41,-3.87,False,ดัชนีราคารถยนต์บรรทุกมือสอง
truck,รถยนต์บรรทุกมือสอง,2019-11,2562,2019,11,พ.ย.,พ.ย. 2562,86.54,-1.83,-2.85,False,ดัชนีราคารถยนต์บรรทุกมือสอง
truck,รถยนต์บรรทุกมือสอง,2019-12,2562,2019,12,ธ.ค.,ธ.ค. 2562,85.89,-0.75,-5.27,False,ดัชนีราคารถยนต์บรรทุกมือสอง
truck,รถยนต์บรรทุกมือสอง,2020-01,2563,2020,1,ม.ค.,ม.ค. 2563,94.66,10.21,-1.93,False,ดัชนีราคารถยนต์บรรทุกมือสอง
truck,รถยนต์บรรทุกมือสอง,2020-02,2563,2020,2,ก.พ.,ก.พ. 2563,93.97,-0.73,-7.75,False,ดัชนีราคารถยนต์บรรทุกมือสอง
truck,รถยนต์บรรทุกมือสอง,2020-03,2563,2020,3,มี.ค.,มี.ค. 2563,89.22,-5.05,-10.4,False,ดัชนีราคารถยนต์บรรทุกมือสอง
truck,รถยนต์บรรทุกมือสอง,2020-04,2563,2020,4,เม.ย.,เม.ย. 2563,78.23,-12.32,-20.74,False,ดัชนีราคารถยนต์บรรทุกมือสอง
truck,รถยนต์บรรทุกมือสอง,2020-05,2563,2020,5,พ.ค.,พ.ค. 2563,82.68,5.69,-15.96,False,ดัชนีราคารถยนต์บรรทุกมือสอง
truck,รถยนต์บรรทุกมือสอง,2020-06,2563,2020,6,มิ.ย.,มิ.ย. 2563,91.43,10.58,-6.21,False,ดัชนีราคารถยนต์บรรทุกมือสอง
truck,รถยนต์บรรทุกมือสอง,2020-07,2563,2020,7,ก.ค.,ก.ค. 2563,96.6,5.65,1.25,False,ดัชนีราคารถยนต์บรรทุกมือสอง
truck,รถยนต์บรรทุกมือสอง,2020-08,2563,2020,8,ส.ค.,ส.ค. 2563,98.63,2.1,6.75,False,ดัชนีราคารถยนต์บรรทุกมือสอง
truck,รถยนต์บรรทุกมือสอง,2020-09,2563,2020,9,ก.ย.,ก.ย. 2563,96.96,-1.69,7.34,False,ดัชนีราคารถยนต์บรรทุกมือสอง
truck,รถยนต์บรรทุกมือสอง,2020-10,2563,2020,10,ต.ค.,ต.ค. 2563,98.75,1.85,12.02,False,ดัชนีราคารถยนต์บรรทุกมือสอง
truck,รถยนต์บรรทุกมือสอง,2020-11,2563,2020,11,พ.ย.,พ.ย. 2563,96.84,-1.93,11.9,False,ดัชนีราคารถยนต์บรรทุกมือสอง
truck,รถยนต์บรรทุกมือสอง,2020-12,2563,2020,12,ธ.ค.,ธ.ค. 2563,93.62,-3.33,9.0,False,ดัชนีราคารถยนต์บรรทุกมือสอง
truck,รถยนต์บรรทุกมือสอง,2021-01,2564,2021,1,ม.ค.,ม.ค. 2564,97.3,3.93,2.79,False,ดัชนีราคารถยนต์บรรทุกมือสอง
truck,รถยนต์บรรทุกมือสอง,2021-02,2564,2021,2,ก.พ.,ก.พ. 2564,98.42,1.15,4.74,False,ดัชนีราคารถยนต์บรรทุกมือสอง
truck,รถยนต์บรรทุกมือสอง,2021-03,2564,2021,3,มี.ค.,มี.ค. 2564,101.45,3.08,13.71,False,ดัชนีราคารถยนต์บรรทุกมือสอง
truck,รถยนต์บรรทุกมือสอง,2021-04,2564,2021,4,เม.ย.,เม.ย. 2564,101.64,0.19,29.92,False,ดัชนีราคารถยนต์บรรทุกมือสอง
truck,รถยนต์บรรทุกมือสอง,2021-05,2564,2021,5,พ.ค.,พ.ค. 2564,102.8,1.14,24.33,False,ดัชนีราคารถยนต์บรรทุกมือสอง
truck,รถยนต์บรรทุกมือสอง,2021-06,2564,2021,6,มิ.ย.,มิ.ย. 2564,103.02,0.21,12.68,False,ดัชนีราคารถยนต์บรรทุกมือสอง
truck,รถยนต์บรรทุกมือสอง,2021-07,2564,2021,7,ก.ค.,ก.ค. 2564,98.71,-4.18,2.18,False,ดัชนีราคารถยนต์บรรทุกมือสอง
truck,รถยนต์บรรทุกมือสอง,2021-08,2564,2021,8,ส.ค.,ส.ค. 2564,94.51,-4.25,-4.18,False,ดัชนีราคารถยนต์บรรทุกมือสอง
truck,รถยนต์บรรทุกมือสอง,2021-09,2564,2021,9,ก.ย.,ก.ย. 2564,95.26,0.79,-1.75,False,ดัชนีราคารถยนต์บรรทุกมือสอง
truck,รถยนต์บรรทุกมือสอง,2021-10,2564,2021,10,ต.ค.,ต.ค. 2564,97.75,2.61,-1.01,False,ดัชนีราคารถยนต์บรรทุกมือสอง
truck,รถยนต์บรรทุกมือสอง,2021-11,2564,2021,11,พ.ย.,พ.ย. 2564,104.26,6.66,7.66,False,ดัชนีราคารถยนต์บรรทุกมือสอง
truck,รถยนต์บรรทุกมือสอง,2021-12,2564,2021,12,ธ.ค.,ธ.ค. 2564,104.86,0.58,12.01,False,ดัชนีราคารถยนต์บรรทุกมือสอง
truck,รถยนต์บรรทุกมือสอง,2022-01,2565,2022,1,ม.ค.,ม.ค. 2565,114.42,9.12,17.6,False,ดัชนีราคารถยนต์บรรทุกมือสอง
truck,รถยนต์บรรทุกมือสอง,2022-02,2565,2022,2,ก.พ.,ก.พ. 2565,116.64,1.94,18.51,False,ดัชนีราคารถยนต์บรรทุกมือสอง
truck,รถยนต์บรรทุกมือสอง,2022-03,2565,2022,3,มี.ค.,มี.ค. 2565,113.53,-2.67,11.91,False,ดัชนีราคารถยนต์บรรทุกมือสอง
truck,รถยนต์บรรทุกมือสอง,2022-04,2565,2022,4,เม.ย.,เม.ย. 2565,112.1,-1.26,10.29,False,ดัชนีราคารถยนต์บรรทุกมือสอง
truck,รถยนต์บรรทุกมือสอง,2022-05,2565,2022,5,พ.ค.,พ.ค. 2565,110.81,-1.15,7.79,False,ดัชนีราคารถยนต์บรรทุกมือสอง
truck,รถยนต์บรรทุกมือสอง,2022-06,2565,2022,6,มิ.ย.,มิ.ย. 2565,110.16,-0.59,6.93,False,ดัชนีราคารถยนต์บรรทุกมือสอง
truck,รถยนต์บรรทุกมือสอง,2022-07,2565,2022,7,ก.ค.,ก.ค. 2565,103.45,-6.09,4.8,False,ดัชนีราคารถยนต์บรรทุกมือสอง
truck,รถยนต์บรรทุกมือสอง,2022-08,2565,2022,8,ส.ค.,ส.ค. 2565,100.51,-2.84,6.35,False,ดัชนีราคารถยนต์บรรทุกมือสอง
truck,รถยนต์บรรทุกมือสอง,2022-09,2565,2022,9,ก.ย.,ก.ย. 2565,97.92,-2.58,2.79,False,ดัชนีราคารถยนต์บรรทุกมือสอง
truck,รถยนต์บรรทุกมือสอง,2022-10,2565,2022,10,ต.ค.,ต.ค. 2565,92.41,-5.63,-5.46,False,ดัชนีราคารถยนต์บรรทุกมือสอง
truck,รถยนต์บรรทุกมือสอง,2022-11,2565,2022,11,พ.ย.,พ.ย. 2565,89.96,-2.65,-13.72,False,ดัชนีราคารถยนต์บรรทุกมือสอง
truck,รถยนต์บรรทุกมือสอง,2022-12,2565,2022,12,ธ.ค.,ธ.ค. 2565,87.58,-2.65,-16.48,False,ดัชนีราคารถยนต์บรรทุกมือสอง
truck,รถยนต์บรรทุกมือสอง,2023-01,2566,2023,1,ม.ค.,ม.ค. 2566,94.06,7.4,-17.79,False,ดัชนีราคารถยนต์บรรทุกมือสอง
truck,รถยนต์บรรทุกมือสอง,2023-02,2566,2023,2,ก.พ.,ก.พ. 2566,94.11,0.05,-19.32,False,ดัชนีราคารถยนต์บรรทุกมือสอง
truck,รถยนต์บรรทุกมือสอง,2023-03,2566,2023,3,มี.ค.,มี.ค. 2566,93.04,-1.14,-18.05,False,ดัชนีราคารถยนต์บรรทุกมือสอง
truck,รถยนต์บรรทุกมือสอง,2023-04,2566,2023,4,เม.ย.,เม.ย. 2566,93.28,0.26,-16.79,False,ดัชนีราคารถยนต์บรรทุกมือสอง
truck,รถยนต์บรรทุกมือสอง,2023-05,2566,2023,5,พ.ค.,พ.ค. 2566,92.59,-0.74,-16.44,False,ดัชนีราคารถยนต์บรรทุกมือสอง
truck,รถยนต์บรรทุกมือสอง,2023-06,2566,2023,6,มิ.ย.,มิ.ย. 2566,91.95,-0.69,-16.53,False,ดัชนีราคารถยนต์บรรทุกมือสอง
truck,รถยนต์บรรทุกมือสอง,2023-07,2566,2023,7,ก.ค.,ก.ค. 2566,84.85,-7.72,-17.98,False,ดัชนีราคารถยนต์บรรทุกมือสอง
truck,รถยนต์บรรทุกมือสอง,2023-08,2566,2023,8,ส.ค.,ส.ค. 2566,81.05,-4.48,-19.36,False,ดัชนีราคารถยนต์บรรทุกมือสอง
truck,รถยนต์บรรทุกมือสอง,2023-09,2566,2023,9,ก.ย.,ก.ย. 2566,76.11,-6.1,-22.27,False,ดัชนีราคารถยนต์บรรทุกมือสอง
truck,รถยนต์บรรทุกมือสอง,2023-10,2566,2023,10,ต.ค.,ต.ค. 2566,72.66,-4.53,-21.37,False,ดัชนีราคารถยนต์บรรทุกมือสอง
truck,รถยนต์บรรทุกมือสอง,2023-11,2566,2023,11,พ.ย.,พ.ย. 2566,67.72,-6.8,-24.72,False,ดัชนีราคารถยนต์บรรทุกมือสอง
truck,รถยนต์บรรทุกมือสอง,2023-12,2566,2023,12,ธ.ค.,ธ.ค. 2566,65.14,-3.81,-25.62,False,ดัชนีราคารถยนต์บรรทุกมือสอง
truck,รถยนต์บรรทุกมือสอง,2024-01,2567,2024,1,ม.ค.,ม.ค. 2567,73.95,13.52,-21.38,False,ดัชนีราคารถยนต์บรรทุกมือสอง
truck,รถยนต์บรรทุกมือสอง,2024-02,2567,2024,2,ก.พ.,ก.พ. 2567,76.74,3.77,-18.46,False,ดัชนีราคารถยนต์บรรทุกมือสอง
truck,รถยนต์บรรทุกมือสอง,2024-03,2567,2024,3,มี.ค.,มี.ค. 2567,76.22,-0.68,-18.08,False,ดัชนีราคารถยนต์บรรทุกมือสอง
truck,รถยนต์บรรทุกมือสอง,2024-04,2567,2024,4,เม.ย.,เม.ย. 2567,76.0,-0.29,-18.52,False,ดัชนีราคารถยนต์บรรทุกมือสอง
truck,รถยนต์บรรทุกมือสอง,2024-05,2567,2024,5,พ.ค.,พ.ค. 2567,77.54,2.03,-16.25,False,ดัชนีราคารถยนต์บรรทุกมือสอง
truck,รถยนต์บรรทุกมือสอง,2024-06,2567,2024,6,มิ.ย.,มิ.ย. 2567,75.47,-2.67,-17.92,False,ดัชนีราคารถยนต์บรรทุกมือสอง
truck,รถยนต์บรรทุกมือสอง,2024-07,2567,2024,7,ก.ค.,ก.ค. 2567,73.41,-2.73,-13.48,False,ดัชนีราคารถยนต์บรรทุกมือสอง
truck,รถยนต์บรรทุกมือสอง,2024-08,2567,2024,8,ส.ค.,ส.ค. 2567,69.42,-5.44,-14.35,False,ดัชนีราคารถยนต์บรรทุกมือสอง
truck,รถยนต์บรรทุกมือสอง,2024-09,2567,2024,9,ก.ย.,ก.ย. 2567,66.5,-4.21,-12.63,False,ดัชนีราคารถยนต์บรรทุกมือสอง
truck,รถยนต์บรรทุกมือสอง,2024-10,2567,2024,10,ต.ค.,ต.ค. 2567,66.12,-0.57,-9.0,False,ดัชนีราคารถยนต์บรรทุกมือสอง
truck,รถยนต์บรรทุกมือสอง,2024-11,2567,2024,11,พ.ย.,พ.ย. 2567,68.97,4.31,1.85,False,ดัชนีราคารถยนต์บรรทุกมือสอง
truck,รถยนต์บรรทุกมือสอง,2024-12,2567,2024,12,ธ.ค.,ธ.ค. 2567,70.28,1.9,7.89,False,ดัชนีราคารถยนต์บรรทุกมือสอง
truck,รถยนต์บรรทุกมือสอง,2025-01,2568,2025,1,ม.ค.,ม.ค. 2568,78.79,12.11,6.54,False,ดัชนีราคารถยนต์บรรทุกมือสอง
truck,รถยนต์บรรทุกมือสอง,2025-02,2568,2025,2,ก.พ.,ก.พ. 2568,80.28,1.89,4.61,False,ดัชนีราคารถยนต์บรรทุกมือสอง
truck,รถยนต์บรรทุกมือสอง,2025-03,2568,2025,3,มี.ค.,มี.ค. 2568,82.94,3.31,8.82,False,ดัชนีราคารถยนต์บรรทุกมือสอง
truck,รถยนต์บรรทุกมือสอง,2025-04,2568,2025,4,เม.ย.,เม.ย. 2568,80.93,-2.42,6.49,False,ดัชนีราคารถยนต์บรรทุกมือสอง
truck,รถยนต์บรรทุกมือสอง,2025-05,2568,2025,5,พ.ค.,พ.ค. 2568,80.75,-0.22,4.14,False,ดัชนีราคารถยนต์บรรทุกมือสอง
truck,รถยนต์บรรทุกมือสอง,2025-06,2568,2025,6,มิ.ย.,มิ.ย. 2568,80.1,-0.8,6.13,False,ดัชนีราคารถยนต์บรรทุกมือสอง
truck,รถยนต์บรรทุกมือสอง,2025-07,2568,2025,7,ก.ค.,ก.ค. 2568,78.25,-2.31,6.59,False,ดัชนีราคารถยนต์บรรทุกมือสอง
truck,รถยนต์บรรทุกมือสอง,2025-08,2568,2025,8,ส.ค.,ส.ค. 2568,75.5,-3.51,8.76,False,ดัชนีราคารถยนต์บรรทุกมือสอง
truck,รถยนต์บรรทุกมือสอง,2025-09,2568,2025,9,ก.ย.,ก.ย. 2568,77.28,2.36,16.21,False,ดัชนีราคารถยนต์บรรทุกมือสอง
truck,รถยนต์บรรทุกมือสอง,2025-10,2568,2025,10,ต.ค.,ต.ค. 2568,77.3,0.03,16.91,False,ดัชนีราคารถยนต์บรรทุกมือสอง
truck,รถยนต์บรรทุกมือสอง,2025-11,2568,2025,11,พ.ย.,พ.ย. 2568,77.73,0.56,12.7,False,ดัชนีราคารถยนต์บรรทุกมือสอง
truck,รถยนต์บรรทุกมือสอง,2025-12,2568,2025,12,ธ.ค.,ธ.ค. 2568,79.61,2.42,13.28,False,ดัชนีราคารถยนต์บรรทุกมือสอง
truck,รถยนต์บรรทุกมือสอง,2026-01,2569,2026,1,ม.ค.,ม.ค. 2569,84.83,6.56,7.67,False,ดัชนีราคารถยนต์บรรทุกมือสอง
truck,รถยนต์บรรทุกมือสอง,2026-02,2569,2026,2,ก.พ.,ก.พ. 2569,88.03,3.77,9.65,False,ดัชนีราคารถยนต์บรรทุกมือสอง
truck,รถยนต์บรรทุกมือสอง,2026-03,2569,2026,3,มี.ค.,มี.ค. 2569,93.14,5.8,12.3,False,ดัชนีราคารถยนต์บรรทุกมือสอง
truck,รถยนต์บรรทุกมือสอง,2026-04,2569,2026,4,เม.ย.,เม.ย. 2569,84.11,-9.7,3.93,False,ดัชนีราคารถยนต์บรรทุกมือสอง
truck,รถยนต์บรรทุกมือสอง,2026-05,2569,2026,5,พ.ค.,พ.ค. 2569,86.55,2.9,7.18,False,ดัชนีราคารถยนต์บรรทุกมือสอง
truck,รถยนต์บรรทุกมือสอง,2026-06,2569,2026,6,มิ.ย.,มิ.ย. 2569,87.51,1.11,9.25,False,ดัชนีราคารถยนต์บรรทุกมือสอง
truck,รถยนต์บรรทุกมือสอง,2026-07,2569,2026,7,ก.ค.,ก.ค. 2569,82.19,-6.08,5.04,False,ดัชนีราคารถยนต์บรรทุกมือสอง
